file,name,city,old_lat,old_lon,google_lat,google_lon,dist_deg,status,google_name,google_addr
AbuSimbelAttractions.swift,Great Temple of Ramesses II,Abu Simbel,22.3369,31.6256,22.337232,31.625799,0.00039,ok,Abu Simbel Temples,"Abu Simbel, Aswan Governorate 1211501, Egypt"
AbuSimbelAttractions.swift,Small Temple of Nefertari,Abu Simbel,22.3367,31.6267,22.337662,31.626689,0.00096,ok,Temple of Nefertari,"8JQG+3M8, Abu Simbel, Aswan Governorate 1211501, Egypt"
AbuSimbelAttractions.swift,Abu Simbel Village,Abu Simbel,22.35,31.6167,22.346009,31.615624,0.00413,ok,Abu Simbel,"Abu Simbel, قسم الواحات الخارجة، Aswan Governorate, Egypt"
AlexandriaAttractions.swift,Bibliotheca Alexandrina,Alexandria,31.2089,29.9092,31.208903,29.909159,4e-05,ok,Alexandria Bibliotheca,"الأزاريطة والشاطبي، باب شرق، محافظة الإسكندرية 21526, Egypt"
AlexandriaAttractions.swift,Citadel of Qaitbay,Alexandria,31.2136987,29.8853921,31.213699,29.885392,0.0,ok,Qaitbay Citadel,"السيالة شرق، قسم الجمرك،، As Sayalah Sharq, Al Gomrok, Alexandria Governorate 5321431, Egypt"
AlexandriaAttractions.swift,Montaza Palace,Alexandria,31.288662,30.0158421,31.288464,30.015992,0.00025,ok,Montaza Palace,"Montaza Palace, El-Gaish Rd, Al Mandarah Bahri, Montaza 2, Alexandria Governorate 5527001, Egypt"
AlexandriaAttractions.swift,Kom el-Shoqafa,Alexandria,31.1787378,29.8930706,31.178738,29.893071,0.0,ok,Catacombs of Kom el Shoqafa,"12 متفرع من ش، Ras at Tin, Port al-Basal, Alexandria Governorate 5341042, Egypt"
AlexandriaAttractions.swift,Pompey's Pillar,Alexandria,31.1849094,29.8992082,31.184909,29.899208,0.0,ok,Pompey's Pillar,"Pompey's Pillar, Alexandria Governorate, Egypt"
AlexandriaAttractions.swift,Stanley Bridge,Alexandria,31.2350274,29.9485987,31.235027,29.948599,0.0,ok,Stanley Bridge,"Stanley Bridge, Fleming, El Raml 1, Alexandria Governorate, Egypt"
AlexandriaAttractions.swift,Roman Amphitheatre,Alexandria,31.1944,29.9042,31.194506,29.903902,0.00032,ok,Alexandria Ancient Roman Theater,"Ismail Mahana Road أمام محطة مصرالسكة الحديدية، Kom Ad Dakah Gharb, Al Attarin, Alexandria Governorate 21517, Egypt"
AlexandriaAttractions.swift,Alexandria National Museum,Alexandria,31.2017,29.9136,31.200741,29.913198,0.00104,ok,Alexandria National Museum,"131 El-Shaheed Galal El-Desouky, باب شرقي ووابور المياه، باب شرق، محافظة الإسكندرية 5423004, Egypt"
AlexandriaAttractions.swift,Corniche Road,Alexandria,31.2156,29.9242,31.209586,29.907631,0.01763,ok,Corniche,"Corniche, Al Azaritah WA Ash Shatebi, Bab Shar', Alexandria Governorate 5424020, Egypt"
AlexandriaAttractions.swift,El Mursi Abu El Abbas Mosque,Alexandria,31.2056,29.8822,31.2055,29.881672,0.00054,ok,"Sidi Morsi Abu al-Abbas Mosque, alexandria","السيد محمد كريم ٩ مجموعه عمر بن الخطاب السوق التجاري ميدان المساجد.أبو العباس المرسي.بحري، As Sayalah Sharq, Al Gomrok, Alexandria Governorate 21500, Egypt"
AswanAttractions.swift,Philae Temple,Aswan,24.0264,32.8842,24.01266,32.87754,0.01527,ok,Philae,"Philae, Aswan 1, Aswan Governorate, Egypt"
AswanAttractions.swift,Aswan High Dam,Aswan,23.9706,32.8781,23.970883,32.87727,0.00088,ok,Assuão-The High Dam,"XVCG+9W2, Manteqet as Sad Al Aali, Aswan, Aswan Governorate 1230952, Egypt"
AswanAttractions.swift,Unfinished Obelisk,Aswan,24.0778,32.8994,24.076897,32.895437,0.00406,ok,Unfinished Obelisk,"3VGW+RCF, Luxor - Aswan, Sheyakhah Oula, Aswan, Aswan Governorate 1241771, Egypt"
AswanAttractions.swift,Nubian Museum,Aswan,24.0831,32.8858,24.079425,32.889175,0.00499,ok,Nubian Museum,"3VHQ+P67, Assuan, Sheyakhah Oula, Aswan 1, Aswan Governorate 1240842, Egypt"
AswanAttractions.swift,Elephantine Island,Aswan,24.0833,32.8833,24.083333,32.883333,5e-05,ok,Elephantine,"Elephantine, Sheyakhah Oula, Aswan, Aswan Governorate 1240860, Egypt"
AswanAttractions.swift,Nubian Villages,Aswan,24.1,32.8667,24.108851,32.884882,0.02022,updated,Nubian Eco Village,"West، Aswan, Aswan Governorate 1231022, Egypt"
AswanAttractions.swift,Aswan Botanical Garden,Aswan,24.0889,32.8722,24.093738,32.886956,0.01553,ok,Aswan Botanical Garden,"3VVP+FQW, Sheyakhah Oula, Aswan, Aswan Governorate 1231011, Egypt"
AswanAttractions.swift,Tombs of the Nobles,Aswan,24.1028,32.8833,24.10254,32.890459,0.00716,ok,Tombs of the Nobles in Aswan,"4V3R+258, Abu AR Rish Qebli, Aswan, Aswan Governorate 1231021, Egypt"
AswanAttractions.swift,Aga Khan Mausoleum,Aswan,24.0917,32.8833,24.088226,32.878797,0.00569,ok,Aga Khan Mausoleum,"3VQH+7GV, Sheyakhah Oula, Aswan, Aswan Governorate 1231020, Egypt"
AswanAttractions.swift,Felucca Rides on the Nile,Aswan,24.0889,32.8972,24.090115,32.894511,0.00295,ok,Felucca Tour John Cairo جولة فيلوكا جون كايرو,"93 Kornish Al Nile, Sheyakhah Thalethah, Aswan 1, Aswan Governorate 1242631, Egypt"
BahariyaFarafraAttractions.swift,White Desert,Farafra,27.3639,28.14,27.058004,27.970087,0.34992,updated,White Desert Camping,"Al Farafra, The New Valley Governorate 1023368, Egypt"
BahariyaFarafraAttractions.swift,Black Desert,Bahariya,28.1667,28.7167,28.20186,28.730879,0.03791,updated,Black Desert,"6P2J+P9R, Al Wahat Al Bahriya - Al Farafra Rd, Al Giza Desert, Giza Governorate 3060001, Egypt"
BahariyaFarafraAttractions.swift,Crystal Mountain,Farafra,27.6,28.4333,27.66168,28.429808,0.06178,updated,Crystal Mountain,"Al Wahat Al Bahriya - Al Farafra Rd, Al Wadi Al Gadid Desert, The New Valley Governorate 1014001, Egypt"
BahariyaFarafraAttractions.swift,Bahariya Oasis,Bahariya,28.3555,28.8774,28.385018,28.90845,0.04284,updated,Bahariya Oasis,"Bahariya Oasis, Al Wahat Al Baharia, Giza Governorate, Egypt"
CairoAttractions.swift,Pyramids of Giza,Giza,29.9792,31.1342,29.977296,31.132495,0.00256,ok,Giza Necropolis,"Al Haram, Giza Governorate 3512201, Egypt"
CairoAttractions.swift,Great Sphinx of Giza,Giza,29.9753,31.1376,29.975269,31.137567,5e-05,ok,Great Sphinx of Giza,"Al Haram, Giza Governorate 3512201, Egypt"
CairoAttractions.swift,Egyptian Museum,Cairo,30.0478,31.2336,30.048317,31.233667,0.00052,ok,The Egyptian Museum in Cairo,"El-Tahrir Square, Ismailia, Qasr El Nil, Cairo Governorate 4272083, Egypt"
CairoAttractions.swift,Grand Egyptian Museum,Giza,29.9947,31.1167,29.993199,31.124441,0.00789,ok,The Grand Egyptian Museum,"X4VF+V38, Cairo - Alexandria Desert Rd, Kafr Nassar, Al Haram, Giza Governorate 3513203, Egypt"
CairoAttractions.swift,Khan el-Khalili Bazaar,Cairo,30.0478,31.2619,30.047739,31.262254,0.00036,ok,Khan el-Khalili,"El-Gamaleya, El Gamaliya, Cairo Governorate 4331302, Egypt"
CairoAttractions.swift,Al-Azhar Mosque,Cairo,30.0458,31.2628,30.046099,31.26239,0.00051,ok,Al-Azhar Mosque,"El-Darb El-Ahmar, El Gamaliya, Cairo Governorate 4293024, Egypt"
CairoAttractions.swift,Saladin Citadel,Cairo,30.0286,31.2597,30.028746,31.259714,0.00015,ok,Saladin Citadel,"Al Abageyah, El Khalifa, Cairo Governorate 4252360, Egypt"
CairoAttractions.swift,Mosque of Muhammad Ali,Cairo,30.0286,31.2597,30.029046,31.259797,0.00046,ok,Mosque of Muhammad Ali,"Salah al-Din, al-Ayyubi, Saladin, Cairo Governorate 4252360, Egypt"
CairoAttractions.swift,Coptic Cairo,Cairo,30.0056,31.2297,30.005346,31.232694,0.003,ok,Coptic Cairo,Coptic Cairo، كوم غراب، قسم مصر القديمة، محافظة القاهرة‬، Egypt
CairoAttractions.swift,Hanging Church,Cairo,30.0056,31.2306,30.005239,31.230169,0.00056,ok,Hanging Church,"مار جرجس، محطة مترو الأنفاق(مارجرجس, Ibrahim Ali, Kom Ghorab, Old Cairo, Cairo Governorate 4244001, Egypt"
CairoAttractions.swift,Cairo Tower,Cairo,30.0458,31.2244,30.046522,31.224299,0.00073,ok,Cairo Tower,"Kasr Al Nile, Zamalek, Cairo Governorate 4270024, Egypt"
CairoAttractions.swift,Al-Muizz Street,Cairo,30.0508,31.2617,30.050931,31.261575,0.00018,ok,Al Moez Ldin Allah Al Fatmi,"Al Moez Ldin Allah Al Fatmi, El-Gamaleya, El Gamaliya, Cairo Governorate, Egypt"
CairoAttractions.swift,Sultan Hassan Mosque,Cairo,30.0317,31.2567,30.032187,31.256612,0.00049,ok,Mosque-Madrasa of Sultan Hassan,"27J4+VJH, El-Refaey, El-Darb El-Ahmar, El Khalifa, Cairo Governorate 4292008, Egypt"
CairoAttractions.swift,Ibn Tulun Mosque,Cairo,30.0286,31.2494,30.02882,31.249521,0.00025,ok,Mosque of Ibn Tulun,"Ahmed Ibn Tolon Sq., Tolon, El Sayeda Zeinab, Cairo Governorate 4261342, Egypt"
CairoAttractions.swift,Gayer-Anderson Museum,Cairo,30.0283,31.2492,30.028343,31.250815,0.00162,ok,Gayer-Anderson Museum,"أحمد بن طولون طولون، 27H2+88P، As Sayedah، El Sayeda Zeinab, Cairo Governorate 4261342, Egypt"
CairoAttractions.swift,Al-Rifa'i Mosque,Cairo,30.0311,31.2572,30.032829,31.257115,0.00173,ok,Al-Rifa'i Mosque,"27J5+Q85, Darb Al Labana, El-Darb El-Ahmar, El Khalifa, Cairo Governorate 4292008, Egypt"
CairoAttractions.swift,Bab Zuweila,Cairo,30.0433,31.2581,30.04288,31.257872,0.00048,ok,Bab Zuwayla,"27V5+545, Mohammed Ali, El-Darb El-Ahmar, Al-Darb Al-Ahmar, Cairo Governorate 4293001, Egypt"
CairoAttractions.swift,National Museum of Egyptian Civilization,Fustat,30.0064,31.2456,30.008593,31.248239,0.00343,ok,The National Museum of Egyptian Civilization,"Fustat, Ein as Seirah, Old Cairo, Cairo Governorate 4245001, Egypt"
DahabAttractions.swift,Blue Hole,Dahab,28.5724,34.5372,28.571882,34.536792,0.00066,ok,الثقب الأزرق,الثقب الأزرق، Egypt
DahabAttractions.swift,Dahab Lagoon,Dahab,28.4875,34.505,28.479716,34.500759,0.00886,ok,Dahab Lagoon Club & Resort,"23, قسم دهب، محافظة جنوب سيناء 46617, Egypt"
DahabAttractions.swift,Three Pools,Dahab,28.4616,34.4533,28.435385,34.457331,0.02652,updated,Three Pools Dive Site,"Akaba, Egypt"
DahabAttractions.swift,Canyon,Dahab,28.5433,34.52,28.55436,34.521313,0.01114,ok,Canyon (Dive site),قسم سانت كاترين، محافظة جنوب سيناء، Egypt
DahabAttractions.swift,Eel Garden,Dahab,28.5033,34.52,28.505034,34.519787,0.00175,ok,Eel Garden,"Eel Garden, Dahab, South Sinai Governorate, Egypt"
DahabAttractions.swift,Lighthouse Reef,Dahab,28.5,34.5167,28.499187,34.519918,0.00332,ok,Lighthouse Divecenter,"Masbat, قسم سانت كاترين، محافظة جنوب سيناء، Egypt"
DenderaAbydosAttractions.swift,Dendera Temple Complex,Qena,26.1423,32.6704,26.141937,32.670203,0.00041,ok,Dendera Temple of Hathor,"Qism Qena, Qena, Qena Governorate 1455046, Egypt"
DenderaAbydosAttractions.swift,Temple of Seti I (Abydos),Sohag,26.1847,31.9189,26.18471,31.918899,1e-05,ok,Temple of Abidos,"5WM9+WH, El Balyana, Sohag Governorate 1611020, Egypt"
DenderaAbydosAttractions.swift,Osireion,Sohag,26.184,31.918,,,,not_found,,
EdfuKomOmboAttractions.swift,Temple of Edfu,Edfu,24.9782,32.8732,24.977727,32.872622,0.00075,ok,Edfu Temple,"Adfo, Edfu, Aswan Governorate 1291237, Egypt"
EdfuKomOmboAttractions.swift,Temple of Kom Ombo,Kom Ombo,24.452,32.9285,24.452133,32.928432,0.00015,ok,Kom Ombo Temple,"Nagoa Ash Shatb, Markaz Kom Ombo, Aswan Governorate 1281301, Egypt"
EdfuKomOmboAttractions.swift,Crocodile Museum,Kom Ombo,24.452,32.929,24.453032,32.927648,0.0017,ok,Crocodile Museum,"FW3H+636, Nagoa Ash Shatb, Draw, Aswan Governorate 1281301, Egypt"
FayoumAttractions.swift,Wadi El Hitan,Fayoum,29.2675,30.0225,29.267541,30.022512,4e-05,ok,Wadi Hitan National Park,"729F+226, Faiyum Governorate, Egypt"
FayoumAttractions.swift,Wadi El Rayan,Fayoum,29.1417,30.3167,29.190891,30.401191,0.09777,updated,Wadi El Rayan,"Wadi El Rayan, Al Faiyum Governorate Desert, Faiyum Governorate 2812001, Egypt"
FayoumAttractions.swift,Tunis Village,Fayoum,29.4,30.6333,29.399736,30.49054,0.14276,updated,Tunis,"Tunis, Qaroun, Youssef Al Seddik, Faiyum Governorate, Egypt"
FayoumAttractions.swift,Lake Qarun,Fayoum,29.5,30.7,29.474811,30.665316,0.04287,updated,Qarun Lake,"Qarun Lake, Al Faiyum Governorate Desert, Faiyum Governorate 2814001, Egypt"
FayoumAttractions.swift,Qasr Qarun Temple,Fayoum,29.4072,30.4186,29.405675,30.418315,0.00155,ok,Qasr Qaroun Temple,"مدخل قصر قارون، Youssef Al Seddik, Faiyum Governorate 63619, Egypt"
HurghadaAttractions.swift,Giftun Islands,Hurghada,27.2428,33.9137,27.242847,33.913667,6e-05,ok,Jazā'ir Jiftūn,"Jazā'ir Jiftūn, Egypt"
HurghadaAttractions.swift,Hurghada Marina,Hurghada,27.2246,33.8384,27.226237,33.842242,0.00418,ok,Marina Hurghada,"Marina Hurghada, Egypt"
HurghadaAttractions.swift,Makadi Bay,Hurghada,26.9892,33.9008,26.988611,33.899642,0.0013,ok,Makadi Bay,"Makadi Bay, Hurghada 1, Red Sea Governorate, Egypt"
HurghadaAttractions.swift,El Gouna,Hurghada,27.3942,33.6782,27.402484,33.651144,0.0283,updated,El Gouna,"El Gouna, Hurghada, Red Sea Governorate, Egypt"
HurghadaAttractions.swift,Sahl Hasheesh,Hurghada,27.0425,33.8864,27.049101,33.889205,0.00717,ok,Sahl Hasheesh,"Sahl Hasheesh, Hurghada 1, Red Sea Governorate, Egypt"
HurghadaAttractions.swift,Mahmya Island,Hurghada,27.2333,33.9167,27.182718,33.95963,0.06634,updated,Mahmya Island,"Big Giftun Island, Red Sea Governorate 84511, Egypt"
HurghadaAttractions.swift,Sand City Hurghada,Hurghada,27.15,33.8167,27.099592,33.823087,0.05081,updated,Sand City Hurghada,"Safaga road، Hurghada 1, Red Sea Governorate 1962001, Egypt"
HurghadaAttractions.swift,Hurghada Grand Aquarium,Hurghada,27.1333,33.8167,27.134399,33.821875,0.00529,ok,Hurghada Grand Aquarium,"Villages Road, Hurghada 1, Red Sea Governorate 84511, Egypt"
LuxorAttractions.swift,Karnak Temple,Luxor,25.7189,32.6572,25.718835,32.65727,0.0001,ok,Karnak,"Karnak, Luxor, Luxor Governorate, Egypt"
LuxorAttractions.swift,Luxor Temple,Luxor,25.6994,32.6392,25.699502,32.639051,0.00018,ok,Luxor Temple,"Luxor City, Luxor, Luxor Governorate 1362501, Egypt"
LuxorAttractions.swift,Avenue of Sphinxes,Luxor,25.7,32.64,25.701017,32.640525,0.00114,ok,Avenue of Sphinxes,"معبد, Luxor City, Luxor, Luxor Governorate 1362501, Egypt"
LuxorAttractions.swift,Luxor Museum,Luxor,25.7028,32.6431,25.707613,32.644549,0.00503,ok,Luxor Museum,"PJ5V+2RV, Kornish Al Nile, Luxor City, Luxor, Luxor Governorate 1362503, Egypt"
LuxorAttractions.swift,Mummification Museum,Luxor,25.6994,32.6392,25.702317,32.63985,0.00299,ok,Mummification Museum,"ش Kornish Al Nile, Luxor City, Luxor, Luxor Governorate 1362501, Egypt"
LuxorAttractions.swift,Valley of the Kings,West Bank,25.7402,32.6014,25.740164,32.601411,4e-05,ok,Valley of the Kings,"Luxor, Luxor Governorate 1340420, Egypt"
LuxorAttractions.swift,Valley of the Queens,West Bank,25.7286,32.5978,25.727658,32.593086,0.00481,ok,Valley of the Queens,"PHHV+368, Luxor, Luxor Governorate 1340410, Egypt"
LuxorAttractions.swift,Temple of Hatshepsut,West Bank,25.7381,32.6067,25.738277,32.606491,0.00027,ok,Mortuary Temple of Hatshepsut,"Luxor, Al Qarna, Luxor Governorate 1340420, Egypt"
LuxorAttractions.swift,Colossi of Memnon,West Bank,25.7206,32.6103,25.720398,32.610428,0.00024,ok,Colossi of Memnon,"Luxor, Al Bairat, Al Qarna, Luxor Governorate 1341703, Egypt"
LuxorAttractions.swift,Medinet Habu,West Bank,25.7194,32.6017,25.719577,32.600869,0.00085,ok,Temple d'Amon (Médinet Habou),"PJ92+R8Q, Al Bairat, Luxor, Luxor Governorate 1340550, Egypt"
LuxorAttractions.swift,Ramesseum,West Bank,25.7278,32.6108,25.727995,32.61046,0.00039,ok,Ramesseum,"Edfo, Luxor Governorate 1341711, Egypt"
LuxorAttractions.swift,Tombs of the Nobles,West Bank,25.7339,32.6086,25.730751,32.60934,0.00323,ok,Tombs of the Nobles,"PJJ5+8P4, Al Qarna, Luxor Governorate 1340420, Egypt"
LuxorAttractions.swift,Deir el-Medina,West Bank,25.7283,32.6014,25.728044,32.601425,0.00026,ok,Deir el-Medina,"PJH2+37, Al Qarna, Luxor Governorate 1340412, Egypt"
SaqqaraAttractions.swift,Step Pyramid of Djoser,Saqqara,29.8714,31.2164,29.871263,31.216775,0.0004,ok,Step Pyramid of Djoser,"Badrshein, Giza Governorate 3352001, Egypt"
SaqqaraAttractions.swift,Pyramid of Unas,Saqqara,29.8681,31.2139,29.868232,31.214879,0.00099,ok,Pyramid of Unas,"V697+7XR, Badrshein, Giza Governorate 3352001, Egypt"
SaqqaraAttractions.swift,Serapeum of Saqqara,Saqqara,29.8708,31.2111,29.87607,31.210254,0.00534,ok,Serapeum of Saqqara,"V6G6+C4C, Badrshein, Giza Governorate 3352001, Egypt"
SaqqaraAttractions.swift,Imhotep Museum,Saqqara,29.8706,31.2175,29.870284,31.225012,0.00752,ok,Imhotep Museum,"V6CG+426, Pyramid of Djoser Rd, Abusir, Badrshein, Giza Governorate 3352001, Egypt"
SaqqaraAttractions.swift,Memphis Open Air Museum,Memphis,29.8481,31.2547,29.849468,31.254325,0.00142,ok,Mit Rahina Museum,"Mit Rahinah, Badrshein, Giza Governorate 3364932, Egypt"
SaqqaraAttractions.swift,Colossus of Ramesses II,Memphis,29.8481,31.2544,29.849447,31.254336,0.00135,ok,Statues of Rameses II,"R7X3+QPG, Mit Rahinah, Badrshein, Giza Governorate 3364932, Egypt"
SharmElSheikhAttractions.swift,Ras Mohammed National Park,Sharm El Sheikh,27.8,34.2167,27.793758,34.17804,0.03916,updated,Ras Mohamed Nature Reserve,"Sharm El Sheikh 2, South Sinai Governorate 8750001, Egypt"
SharmElSheikhAttractions.swift,Naama Bay,Sharm El Sheikh,27.910812,34.331834,27.911697,34.332424,0.00106,ok,Naama Bay,"Naama Bay, Egypt"
SharmElSheikhAttractions.swift,Shark's Bay,Sharm El Sheikh,27.9431,34.3756,27.961933,34.399757,0.03063,updated,Shark Bay,"Shark Bay, Concourd Hotel Entrance, 8766101, Egypt"
SharmElSheikhAttractions.swift,Soho Square,Sharm El Sheikh,27.9622,34.3948,27.962493,34.393744,0.0011,ok,SOHO Square Sharm El Sheikh,"SOHO Square, أول شرم الشيخ، محافظة جنوب سيناء 46628, Egypt"
SharmElSheikhAttractions.swift,Old Market (Old Sharm),Sharm El Sheikh,27.8661,34.2944,27.865552,34.294171,0.00059,ok,Old Market Sharm el Sheikh,"Entrance El-Souk, Sharm El Sheikh 2, South Sinai Governorate 8761130, Egypt"
SharmElSheikhAttractions.swift,Al Sahaba Mosque,Sharm El Sheikh,27.8661,34.2944,27.866418,34.295244,0.0009,ok,Al-Sahaba Mosque,"V78W+H39, Sharm El Sheikh 1, South Sinai Governorate 8761131, Egypt"
SharmElSheikhAttractions.swift,Nabq Bay,Sharm El Sheikh,28.0333,34.4333,28.120712,34.441828,0.08783,updated,Nabq Nature Reserve,"4CCR+7PP, خليج نبق, Sharm El Sheikh 2, South Sinai Governorate 8755035, Egypt"
SharmElSheikhAttractions.swift,Tiran Island,Sharm El Sheikh,27.9542,34.5625,27.938351,34.541762,0.0261,updated,Tiran Island,"Tiran Island 49732, Saudi Arabia"
SinaiAttractions.swift,Mount Sinai,Saint Catherine,28.5393,33.975,28.555373,33.976936,0.01619,ok,Saint Catherine's Monastery,"HX4G+4QV, Saint Catherine, South Sinai Governorate 8730062, Egypt"
SinaiAttractions.swift,St. Catherine's Monastery,Saint Catherine,28.5559,33.9761,28.555373,33.976936,0.00099,ok,Saint Catherine's Monastery,"HX4G+4QV, Saint Catherine, South Sinai Governorate 8730062, Egypt"
SinaiAttractions.swift,Burning Bush,Saint Catherine,28.5562,33.9762,28.555373,33.976936,0.00111,ok,Saint Catherine's Monastery,"HX4G+4QV, Saint Catherine, South Sinai Governorate 8730062, Egypt"
SinaiAttractions.swift,Chapel of the Holy Trinity,Saint Catherine,28.5391,33.9749,28.555373,33.976936,0.0164,ok,Saint Catherine's Monastery,"HX4G+4QV, Saint Catherine, South Sinai Governorate 8730062, Egypt"
SiwaAttractions.swift,Shali Fortress,Siwa,29.2036,25.5204,29.2014,25.519089,0.00256,ok,Shali Fortress,"شارع المركز الحطاري سيوه الغربيين، Shali Fortress, Number 2, Siwa, Marsa Matrouh Governorate 5011323, Egypt"
SiwaAttractions.swift,Mountain of the Dead,Siwa,29.2128,25.5236,29.211351,25.525124,0.0021,ok,al-Mawta mountain,"6G6G+G2X, Siwa, Marsa Matrouh Governorate 5011605, Egypt"
SiwaAttractions.swift,Cleopatra's Pool,Siwa,29.1989,25.5458,29.196969,25.550142,0.00475,ok,Cleopatra's Pool,"Cleopatra's Pool, Siwa, Marsa Matrouh Governorate 5011430, Egypt"
SiwaAttractions.swift,Great Sand Sea,Siwa,28.8333,25.5,29.201194,25.521175,0.3685,updated,Great Sand Sea Safari Tour Agency Information,"Hotel palm trees, Siwa, Marsa Matrouh Governorate 5011325, Egypt"
